Config,None::Sim Time,None::simSeconds,None::simTicks,None::simFreq,None::CPU Performance,None::system.cpu.numCycles,None::system.cpu.cpi,None::system.cpu.ipc,None::system.cpu.commitStats0.numInsts,None::system.cpu.commitStats0.cpi,None::system.cpu.commitStats0.numMemRefs,None::system.cpu.commitStats0.numLoadInsts,None::system.cpu.commitStats0.numStoreInsts,None::system.cpu.fetchStats0.fetchRate,None::system.cpu.executeStats0.instRate,None::Memory Access Timing,None::system.mem_ctrl.dram.numReads,None::system.mem_ctrl.dram.numWrites,None::system.mem_ctrl.dram.totQLat,None::system.mem_ctrl.dram.totBusLat,None::system.mem_ctrl.dram.totMemAccLat,None::system.mem_ctrl.dram.avgQLat,None::system.mem_ctrl.dram.avgBusLat,None::system.mem_ctrl.dram.avgMemAccLat,None::Row Buffer Hits,None::system.mem_ctrl.dram.readRowHits,None::system.mem_ctrl.dram.writeRowHits,None::system.mem_ctrl.dram.readRowHitRate,None::system.mem_ctrl.dram.writeRowHitRate,None::Total + Component Energy Usage,None::system.mem_ctrl.dram.rank0.totalEnergy,None::system.mem_ctrl.dram.rank1.totalEnergy,None::system.mem_ctrl.dram.rank0.actEnergy,None::system.mem_ctrl.dram.rank0.preEnergy,None::system.mem_ctrl.dram.rank0.readEnergy,None::system.mem_ctrl.dram.rank0.writeEnergy,None::system.mem_ctrl.dram.rank1.actEnergy,None::system.mem_ctrl.dram.rank1.preEnergy,None::system.mem_ctrl.dram.rank1.readEnergy,None::system.mem_ctrl.dram.rank1.writeEnergy,None::Power Metrics,None::system.mem_ctrl.dram.rank0.averagePower,None::system.mem_ctrl.dram.rank1.averagePower,None::Energy Breakdown,None::system.mem_ctrl.dram.rank0.actBackEnergy,None::system.mem_ctrl.dram.rank0.preBackEnergy,None::system.mem_ctrl.dram.rank0.actPowerDownEnergy,None::system.mem_ctrl.dram.rank0.prePowerDownEnergy,None::system.mem_ctrl.dram.rank0.pwrStateTime,None::system.mem_ctrl.dram.rank1.actBackEnergy,None::system.mem_ctrl.dram.rank1.preBackEnergy,None::system.mem_ctrl.dram.rank1.actPowerDownEnergy,None::system.mem_ctrl.dram.rank1.prePowerDownEnergy,None::system.mem_ctrl.dram.rank1.pwrStateTime,None::Bus/Memory Throughput,None::system.mem_ctrl.dram.bwTotal,None::system.mem_ctrl.dram.avgRdBW,None::system.mem_ctrl.dram.avgWrBW,None::system.mem_ctrl.dram.peakBW,None::system.mem_ctrl.dram.busUtil
L1_64kB_L2_128kB_assoc_8_NN_128_sigmoid_stats,,0.274425,274424937000.0,1000000000000.0,,274424937.0,5.323387,0.18785,51550818.0,5.323387,0.0,22163025.0,4657370.0,0.18785,0.0,,:total: 756631,:total: 78836,4983377500.0,3743385000.0,19021071250.0,6656.24,5000.0,25406.24,,627426.0,68185.0,83.8,86.57,,142027175925.0,141978394845.0,476273700.0,253130295.0,2648333100.0,201445020.0,464971080.0,247126605.0,2697220680.0,209687400.0,,517.544715,517.366958,,72240822450.0,44544799200.0,0.0,0.0,:IDLE: 115138168500,71679659160.0,45017357760.0,0.0,0.0,:IDLE: 116381789750,,:total: 194843401,174.602675,18.368243,12800.0,1.51
L1_64kB_L2_128kB_assoc_4_NN_128_tanh_activation_stats,,0.282185,282184957000.0,1000000000000.0,,282184957.0,5.478314,0.182538,51509456.0,5.478314,0.0,22151140.0,4656687.0,0.182538,0.0,,:total: 756336,:total: 78860,5194336000.0,3737045000.0,19208254750.0,6949.79,5000.0,25699.79,,624932.0,67518.0,83.61,85.7,,145881000540.0,145967211870.0,477087660.0,253566720.0,2640307740.0,200996100.0,477851640.0,253976580.0,2696192520.0,210266820.0,,516.969445,517.274958,,73940719200.0,46093154880.0,0.0,0.0,:IDLE: 119145612500,74066638470.0,45987117600.0,0.0,0.0,:IDLE: 118879630500,,:total: 189423790,169.513558,17.868791,12800.0,1.46
L1_16kB_L2_32kB_assoc_2_NN_256_tanh_activation_stats,,0.556703,556703040000.0,1000000000000.0,,556703040.0,5.459896,0.183154,101962213.0,5.459896,0.0,43983246.0,9143558.0,0.183154,0.0,,:total: 1502280,:total: 155747,12378781500.0,7494505000.0,40483175250.0,8258.57,5000.0,27008.57,,1120110.0,137191.0,74.73,88.12,,291606618600.0,290484979755.0,1446071340.0,768601350.0,5452825140.0,418732740.0,1390522140.0,739064865.0,5249328000.0,393927300.0,,523.809999,521.79521,,163405636350.0,76169220960.0,0.0,0.0,:IDLE: 196601261750,158286716010.0,80479890720.0,0.0,0.0,:IDLE: 207845046250,,:total: 190611009,172.317478,17.897599,12800.0,1.49
L1_16kB_L2_32kB_assoc_4_NN_64_sigmoid_stats,,0.145454,145454368000.0,1000000000000.0,,145454368.0,5.530192,0.180826,26301867.0,5.530192,0.0,11240248.0,2412994.0,0.180826,0.0,,:total: 385762,:total: 40531,2926489000.0,1913415000.0,10101795250.0,7647.29,5000.0,26397.29,,336025.0,35615.0,87.81,88.02,,75279650925.0,74948345400.0,191744700.0,101899545.0,1361255280.0,103470840.0,176008140.0,93531570.0,1371101340.0,107746020.0,,517.548232,515.270503,,39173742480.0,22866062880.0,0.0,0.0,:IDLE: 59089147750,37138701690.0,24579781440.0,0.0,0.0,:IDLE: 63565124000,,:total: 187569149,168.380725,17.803742,12800.0,1.45
L1_32kB_L2_64kB_assoc_4_NN_256_tanh_activation_stats,,0.555689,555689454000.0,1000000000000.0,,555689454.0,5.449955,0.183488,101962213.0,5.449955,0.0,43983246.0,9143558.0,0.183488,0.0,,:total: 1500488,:total: 155659,12367238000.0,7440055000.0,40267444250.0,8311.25,5000.0,27061.25,,1112485.0,136671.0,74.76,87.84,,291476434560.0,290518927275.0,1431013080.0,760601490.0,5383867020.0,418414320.0,1385374200.0,736340055.0,5240531520.0,393802020.0,,524.531161,522.808063,,166137015930.0,73479895200.0,0.0,0.0,:IDLE: 189559978250,161579174520.0,77318077440.0,0.0,0.0,:IDLE: 199571936750,,:total: 190742162,171.377562,17.920455,12800.0,1.48
L1_64kB_L2_128kB_assoc_8_NN_256_sigmoid_stats,,0.564559,564559410000.0,1000000000000.0,,564559410.0,5.53237,0.180754,102046581.0,5.53237,0.0,44007419.0,9145009.0,0.180754,0.0,,:total: 1500401,:total: 155598,12725670500.0,7419450000.0,40548608000.0,8575.89,5000.0,27325.89,,1103656.0,134718.0,74.38,86.62,,294787474650.0,293821371855.0,1459087560.0,775523430.0,5378497740.0,418122000.0,1404323760.0,746404395.0,5216476860.0,393702840.0,,522.154922,520.443671,,160864944000.0,81325597440.0,0.0,0.0,:IDLE: 209942475750,156458337840.0,85036423680.0,0.0,0.0,:IDLE: 219630235000,,:total: 187728579,168.217832,17.6304,12800.0,1.45
L1_16kB_L2_32kB_assoc_4_NN_256_relu_stats,,0.555771,555770919000.0,1000000000000.0,,555770919.0,5.452333,0.183408,101932684.0,5.452333,0.0,43973736.0,9140521.0,0.183408,0.0,,:total: 1501208,:total: 155706,9740105000.0,7496135000.0,37850611250.0,6496.75,5000.0,25246.75,,1119558.0,137534.0,74.68,88.35,,291093464025.0,290026454565.0,1451669100.0,771580425.0,5455816800.0,418586580.0,1388708580.0,738100935.0,5248663980.0,394047360.0,,523.765195,521.845323,,162817358160.0,76306679040.0,0.0,0.0,:IDLE: 196957878250,158137801230.0,80247358560.0,0.0,0.0,:IDLE: 207235954250,,:total: 190802527,172.644024,17.927041,12800.0,1.49
L1_64kB_L2_128kB_assoc_4_NN_64_tanh_activation_stats,,0.143225,143225286000.0,1000000000000.0,,143225286.0,5.449556,0.183501,26282011.0,5.449556,0.0,11234507.0,2412695.0,0.183501,0.0,,:total: 384171,:total: 40433,2362002500.0,1899570000.0,9485390000.0,6217.2,5000.0,24967.2,,333654.0,34559.0,87.82,85.62,,73993349460.0,73718162670.0,194443620.0,103330260.0,1352751540.0,103251600.0,177293340.0,94222260.0,1359834420.0,107443260.0,,516.62211,514.700754,,37590704280.0,23343180000.0,0.0,0.0,:IDLE: 60333845500,35942751630.0,24730929600.0,0.0,0.0,:IDLE: 63954512500,,:total: 189733648,169.76399,18.036145,12800.0,1.47
L1_32kB_L2_64kB_assoc_4_NN_64_tanh_activation_stats,,0.143302,143302098000.0,1000000000000.0,,143302098.0,5.452478,0.183403,26282011.0,5.452478,0.0,11234507.0,2412695.0,0.183403,0.0,,:total: 384717,:total: 40479,2368390750.0,1905830000.0,9515253250.0,6213.54,5000.0,24963.54,,335939.0,35232.0,88.13,87.18,,74222855130.0,73987094385.0,187032300.0,99398640.0,1354657920.0,103340340.0,172866540.0,91873155.0,1366867320.0,107605080.0,,517.946744,516.301544,,38877707850.0,22288883520.0,0.0,0.0,:IDLE: 57588370250,37417598130.0,23518449600.0,0.0,0.0,:IDLE: 60796920000,,:total: 189896341,170.232148,18.047914,12800.0,1.47
L1_64kB_L2_128kB_assoc_2_NN_256_relu_stats,,0.55533,555330100000.0,1000000000000.0,,555330100.0,5.448008,0.183553,101932684.0,5.448008,0.0,43973736.0,9140521.0,0.183553,0.0,,:total: 1500245,:total: 155599,10154921250.0,7406880000.0,37930721250.0,6855.06,5000.0,25605.06,,1099213.0,133959.0,74.2,86.11,,290203072200.0,289289196075.0,1467484200.0,779971170.0,5354814360.0,418273380.0,1415469300.0,752324595.0,5222210280.0,393807240.0,,522.577602,520.931958,,158960531250.0,79385258400.0,0.0,0.0,:IDLE: 204909628000,154671949860.0,82996695360.0,0.0,0.0,:IDLE: 214331473000,,:total: 190830672,170.723798,17.929055,12800.0,1.47
L1_32kB_L2_64kB_assoc_8_NN_256_relu_stats,,0.555001,555000721000.0,1000000000000.0,,555000721.0,5.444777,0.183662,101932684.0,5.444777,0.0,43973736.0,9140521.0,0.183662,0.0,,:total: 1500217,:total: 155646,9654122250.0,7439730000.0,37553109750.0,6488.22,5000.0,25238.22,,1112478.0,136982.0,74.77,88.03,,291104748210.0,290142716580.0,1431341520.0,760776060.0,5383988400.0,418461300.0,1382532480.0,734818260.0,5239946040.0,393843780.0,,524.512378,522.77899,,165800202930.0,73499053440.0,0.0,0.0,:IDLE: 189608554750,161249038500.0,77331612960.0,0.0,0.0,:IDLE: 199602657750,,:total: 190946116,171.582739,17.944654,12800.0,1.48
L1_64kB_L2_128kB_assoc_2_NN_64_tanh_activation_stats,,0.143227,143227303000.0,1000000000000.0,,143227303.0,5.449633,0.183499,26282011.0,5.449633,0.0,11234507.0,2412695.0,0.183499,0.0,,:total: 384285,:total: 40435,2356764750.0,1899230000.0,9478877250.0,6204.53,5000.0,24954.53,,333445.0,34683.0,87.78,85.89,,73986010935.0,73729225680.0,195179040.0,103721145.0,1352994300.0,103220280.0,176814960.0,93964200.0,1359106140.0,107573760.0,,516.563598,514.770746,,37530848010.0,23394360000.0,0.0,0.0,:IDLE: 60466783500,36016360860.0,24669717600.0,0.0,0.0,:IDLE: 63792659750,,:total: 189782810,169.731214,18.044381,12800.0,1.47
L1_64kB_L2_128kB_assoc_4_NN_64_sigmoid_stats,,0.145263,145262800000.0,1000000000000.0,,145262800.0,5.522908,0.181064,26301867.0,5.522908,0.0,11240248.0,2412994.0,0.181064,0.0,,:total: 384451,:total: 40409,2872318250.0,1903880000.0,10011868250.0,7543.33,5000.0,26293.33,,333736.0,34362.0,87.65,85.18,,75009242865.0,74751904380.0,195671700.0,103994385.0,1351737660.0,103262040.0,182876820.0,97189950.0,1367002980.0,107312760.0,,516.369248,514.597711,,38043940920.0,23743912320.0,0.0,0.0,:IDLE: 61371662750,36415924590.0,25114873440.0,0.0,0.0,:IDLE: 64952540250,,:total: 187185157,167.762593,17.773029,12800.0,1.45
L1_32kB_L2_64kB_assoc_2_NN_64_tanh_activation_stats,,0.143311,143311070000.0,1000000000000.0,,143311070.0,5.45282,0.183391,26282011.0,5.45282,0.0,11234507.0,2412695.0,0.183391,0.0,,:total: 384853,:total: 40481,2370488000.0,1904870000.0,9513750500.0,6222.18,5000.0,24972.18,,335687.0,35146.0,88.11,86.97,,74198813850.0,73989069180.0,187503540.0,99641520.0,1355050620.0,103324680.0,173437740.0,92172960.0,1365103740.0,107620740.0,,517.746562,516.283,,38692824930.0,22448019360.0,0.0,0.0,:IDLE: 58002679000,37409948160.0,23528336640.0,0.0,0.0,:IDLE: 60822221750,,:total: 189946080,170.135747,18.046785,12800.0,1.47
L1_32kB_L2_64kB_assoc_2_NN_64_sigmoid_stats,,0.145331,145330753000.0,1000000000000.0,,145330753.0,5.525492,0.180979,26301867.0,5.525492,0.0,11240248.0,2412994.0,0.180979,0.0,,:total: 385102,:total: 40457,2871666000.0,1908010000.0,10026703500.0,7525.29,5000.0,26275.29,,335397.0,34873.0,87.89,86.36,,75280543575.0,75003414300.0,190809360.0,101413785.0,1356550020.0,103309020.0,178414320.0,94829460.0,1368088260.0,107474580.0,,517.994588,516.087702,,39578243550.0,22477962240.0,0.0,0.0,:IDLE: 58072326500,37843836720.0,23938515360.0,0.0,0.0,:IDLE: 61887988000,,:total: 187405456,168.047901,17.782334,12800.0,1.45
L1_16kB_L2_32kB_assoc_2_NN_128_relu_stats,,0.280516,280516482000.0,1000000000000.0,,280516482.0,5.447597,0.183567,51493623.0,5.447597,0.0,22145982.0,4655186.0,0.183567,0.0,,:total: 757678,:total: 78949,4405991750.0,3763270000.0,18518254250.0,5853.94,5000.0,24603.94,,632417.0,69324.0,84.02,87.85,,145336935630.0,145341132150.0,466242000.0,247805910.0,2659321560.0,201873060.0,460701360.0,244860990.0,2714628000.0,210042360.0,,518.104799,518.119759,,75364947420.0,44253110400.0,0.0,0.0,:IDLE: 114380709000,75043254240.0,44524009920.0,0.0,0.0,:IDLE: 115099917000,,:total: 190876941,171.718452,18.003591,12800.0,1.48
L1_16kB_L2_32kB_assoc_8_NN_256_tanh_activation_stats,,0.5565,556500358000.0,1000000000000.0,,556500358.0,5.457908,0.18322,101962213.0,5.457908,0.0,43983246.0,9143558.0,0.18322,0.0,,:total: 1501251,:total: 155743,12405313250.0,7496940000.0,40518838250.0,8273.58,5000.0,27023.58,,1120889.0,137264.0,74.76,88.18,,291461214360.0,290386083450.0,1443072540.0,767007450.0,5456537940.0,418670100.0,1390836300.0,739235640.0,5249092380.0,393932520.0,,523.739491,521.807541,,163084843770.0,76361532480.0,0.0,0.0,:IDLE: 197104121500,158252892210.0,80430544320.0,0.0,0.0,:IDLE: 207717739500,,:total: 190561631,172.436245,17.902853,12800.0,1.49
L1_64kB_L2_128kB_assoc_4_NN_128_relu_stats,,0.280321,280320970000.0,1000000000000.0,,280320970.0,5.4438,0.183695,51493623.0,5.4438,0.0,22145982.0,4655186.0,0.183695,0.0,,:total: 756097,:total: 78826,4561601250.0,3739735000.0,18585607500.0,6098.83,5000.0,24848.83,,625946.0,67799.0,83.69,86.05,,144985885020.0,144950366625.0,479443860.0,254826660.0,2648483040.0,201528540.0,470147580.0,249889365.0,2691858540.0,209776140.0,,517.213839,517.087133,,73657180680.0,45616152960.0,0.0,0.0,:IDLE: 117907998000,73195430520.0,46004995200.0,0.0,0.0,:IDLE: 118932036250,,:total: 190621030,170.763564,17.989435,12800.0,1.47
L1_32kB_L2_64kB_assoc_8_NN_128_tanh_activation_stats,,0.282103,282103083000.0,1000000000000.0,,282103083.0,5.476724,0.182591,51509456.0,5.476724,0.0,22151140.0,4656687.0,0.182591,0.0,,:total: 756765,:total: 78905,5042794500.0,3744590000.0,19085007000.0,6733.44,5000.0,25483.44,,629876.0,69029.0,84.1,87.56,,146287756845.0,146416473975.0,461493900.0,245267055.0,2645141520.0,201074400.0,458473680.0,243665565.0,2702133000.0,210439080.0,,518.561355,519.017631,,76878994530.0,43587378240.0,0.0,0.0,:IDLE: 112628397750,77303218170.0,43230137280.0,0.0,0.0,:IDLE: 111704028000,,:total: 189586301,169.905098,17.884867,12800.0,1.47
L1_16kB_L2_32kB_assoc_4_NN_128_relu_stats,,0.280417,280416527000.0,1000000000000.0,,280416527.0,5.445655,0.183633,51493623.0,5.445655,0.0,22145982.0,4655186.0,0.183633,0.0,,:total: 757361,:total: 78947,4429403000.0,3765140000.0,18548678000.0,5882.12,5000.0,24632.12,,632814.0,69650.0,84.04,88.26,,145272364125.0,145265214105.0,465699360.0,247513695.0,2660413980.0,201836520.0,458766420.0,243832545.0,2716205940.0,210089340.0,,518.059209,518.033711,,75248290650.0,44312964960.0,0.0,0.0,:IDLE: 114537179750,74864612820.0,44636062080.0,0.0,0.0,:IDLE: 115391956750,,:total: 190872174,171.86502,18.010465,12800.0,1.48
L1_64kB_L2_128kB_assoc_2_NN_128_sigmoid_stats,,0.274503,274502648000.0,1000000000000.0,,274502648.0,5.324894,0.187797,51550818.0,5.324894,0.0,22163025.0,4657370.0,0.187797,0.0,,:total: 757181,:total: 78835,5036053000.0,3740465000.0,19062796750.0,6731.85,5000.0,25481.85,,625542.0,67510.0,83.62,85.71,,142057152825.0,142070607585.0,479201100.0,254686245.0,2624971020.0,201413700.0,476188020.0,253092345.0,2716413000.0,209750040.0,,517.507404,517.556419,,72322518840.0,44505843360.0,0.0,0.0,:IDLE: 115028978500,71804980500.0,44941665120.0,0.0,0.0,:IDLE: 116178392000,,:total: 194916240,174.417086,18.364442,12800.0,1.51
L1_64kB_L2_128kB_assoc_2_NN_128_relu_stats,,0.28036,280360262000.0,1000000000000.0,,280360262.0,5.444563,0.183669,51493623.0,5.444563,0.0,22145982.0,4655186.0,0.183669,0.0,,:total: 756289,:total: 78828,4595399750.0,3737720000.0,18611849750.0,6147.33,5000.0,24897.33,,625363.0,67603.0,83.66,85.8,,144953100825.0,144989434365.0,477908760.0,254010735.0,2625156660.0,201523320.0,474360180.0,252120825.0,2712307500.0,209776140.0,,517.024416,517.154012,,73497181110.0,45765977760.0,0.0,0.0,:IDLE: 118297842000,73157514120.0,46052013120.0,0.0,0.0,:IDLE: 119056269000,,:total: 190638601,170.647636,17.986686,12800.0,1.47
L1_64kB_L2_128kB_assoc_2_NN_256_sigmoid_stats,,0.564581,564581483000.0,1000000000000.0,,564581483.0,5.532586,0.180747,102046581.0,5.532586,0.0,44007419.0,9145009.0,0.180747,0.0,,:total: 1500653,:total: 155606,12779145500.0,7407405000.0,40556914250.0,8625.93,5000.0,27375.93,,1099786.0,133904.0,74.24,86.1,,294785219760.0,293782741860.0,1472068080.0,782422740.0,5358177300.0,418095900.0,1407615300.0,748161480.0,5219597040.0,393749820.0,,522.130514,520.354901,,160788257340.0,81398652000.0,0.0,0.0,:IDLE: 210122977750,156096286380.0,85349785440.0,0.0,0.0,:IDLE: 220435518750,,:total: 187750713,167.938175,17.630164,12800.0,1.45
L1_64kB_L2_128kB_assoc_8_NN_256_tanh_activation_stats,,0.555482,555482477000.0,1000000000000.0,,555482477.0,5.447925,0.183556,101962213.0,5.447925,0.0,43983246.0,9143558.0,0.183556,0.0,,:total: 1499993,:total: 155623,12332862500.0,7415950000.0,40142675000.0,8315.09,5000.0,27065.09,,1103471.0,134895.0,74.4,86.72,,290319279480.0,289346656950.0,1450548120.0,770984610.0,5380168500.0,418315140.0,1408193640.0,748457490.0,5209808100.0,393708060.0,,522.643452,520.892501,,159251410230.0,79198820640.0,0.0,0.0,:IDLE: 204439897250,154737178380.0,83000279040.0,0.0,0.0,:IDLE: 214359293750,,:total: 190752055,170.885967,17.92287,12800.0,1.48
L1_16kB_L2_32kB_assoc_8_NN_64_sigmoid_stats,,0.145453,145452971000.0,1000000000000.0,,145452971.0,5.530139,0.180827,26301867.0,5.530139,0.0,11240248.0,2412994.0,0.180827,0.0,,:total: 385767,:total: 40532,2927589750.0,1913595000.0,10103571000.0,7649.45,5000.0,26399.45,,336157.0,35602.0,87.83,87.98,,75295079880.0,74947316115.0,191666160.0,101857800.0,1361319540.0,103486500.0,175522620.0,93277305.0,1371294120.0,107751240.0,,517.659278,515.268376,,39275113560.0,22780161120.0,0.0,0.0,:IDLE: 58865824250,37139012910.0,24578982720.0,0.0,0.0,:IDLE: 63564127250,,:total: 187573590,168.398183,17.805673,12800.0,1.45
L1_16kB_L2_32kB_assoc_8_NN_64_tanh_activation_stats,,0.143393,143392673000.0,1000000000000.0,,143392673.0,5.455925,0.183287,26282011.0,5.455925,0.0,11234507.0,2412695.0,0.183287,0.0,,:total: 385550,:total: 40559,2360860000.0,1914535000.0,9540366250.0,6165.62,5000.0,24915.62,,337024.0,35737.0,88.02,88.25,,74238756360.0,73909706085.0,190309560.0,101144340.0,1361433780.0,103486500.0,171260040.0,91023075.0,1372522200.0,107892180.0,,517.730473,515.435723,,38635773060.0,22527398880.0,0.0,0.0,:IDLE: 58213262250,36638406990.0,24209391360.0,0.0,0.0,:IDLE: 62603193250,,:total: 190183888,170.901675,18.073559,12800.0,1.48
L1_16kB_L2_32kB_assoc_2_NN_256_relu_stats,,0.556253,556253445000.0,1000000000000.0,,556253445.0,5.457067,0.183249,101932684.0,5.457067,0.0,43973736.0,9140521.0,0.183249,0.0,,:total: 1503236,:total: 155717,9880594750.0,7498780000.0,38001019750.0,6588.13,5000.0,25338.13,,1119942.0,137174.0,74.67,88.11,,291401857725.0,290242654050.0,1453382700.0,772491225.0,5457009180.0,418633560.0,1390636380.0,739121790.0,5251248660.0,394000380.0,,523.865264,521.781315,,163331198340.0,76059261120.0,0.0,0.0,:IDLE: 196311437500,158057468280.0,80500296960.0,0.0,0.0,:IDLE: 207892298000,,:total: 190871612,172.555127,17.912065,12800.0,1.49
L1_64kB_L2_128kB_assoc_4_NN_256_relu_stats,,0.555253,555252636000.0,1000000000000.0,,555252636.0,5.447248,0.183579,101932684.0,5.447248,0.0,43973736.0,9140521.0,0.183579,0.0,,:total: 1499825,:total: 155588,10102219250.0,7410000000.0,37889719250.0,6816.61,5000.0,25566.61,,1101176.0,134219.0,74.3,86.29,,290179023270.0,289215029895.0,1459751580.0,775857390.0,5365024560.0,418262940.0,1411620840.0,750275295.0,5216455440.0,393697620.0,,522.607196,520.871061,,159045969120.0,79283564640.0,0.0,0.0,:IDLE: 204650245750,154504043820.0,83108343840.0,0.0,0.0,:IDLE: 214629438250,,:total: 190807616,170.81954,17.928905,12800.0,1.47
L1_16kB_L2_32kB_assoc_4_NN_128_tanh_activation_stats,,0.282299,282298868000.0,1000000000000.0,,282298868.0,5.480525,0.182464,51509456.0,5.480525,0.0,22151140.0,4656687.0,0.182464,0.0,,:total: 757596,:total: 78982,5069928500.0,3764480000.0,19186728500.0,6733.9,5000.0,25483.9,,631986.0,69602.0,83.94,88.21,,146172472860.0,146321999640.0,462150780.0,245635170.0,2655380280.0,201309300.0,467591460.0,248526960.0,2720297160.0,210590460.0,,517.793337,518.323012,,75498677970.0,44824931520.0,0.0,0.0,:IDLE: 115868115500,75922987680.0,44467618080.0,0.0,0.0,:IDLE: 114945833000,,:total: 189660668,170.689115,17.889239,12800.0,1.47
L1_64kB_L2_128kB_assoc_8_NN_64_sigmoid_stats,,0.145251,145250838000.0,1000000000000.0,,145250838.0,5.522454,0.181079,26301867.0,5.522454,0.0,11240248.0,2412994.0,0.181079,0.0,,:total: 384394,:total: 40411,2869198000.0,1902970000.0,10005335500.0,7538.74,5000.0,26288.74,,333544.0,34870.0,87.64,86.44,,74986354155.0,74724305265.0,193372620.0,102764805.0,1352415960.0,103262040.0,181620180.0,96518235.0,1365025200.0,107312760.0,,516.254193,514.45008,,37953906570.0,23815137600.0,0.0,0.0,:IDLE: 61559587250,36302744250.0,25205590080.0,0.0,0.0,:IDLE: 65191398750,,:total: 187176338,167.696217,17.774493,12800.0,1.45
L1_64kB_L2_128kB_assoc_2_NN_256_tanh_activation_stats,,0.555463,555462720000.0,1000000000000.0,,555462720.0,5.447731,0.183563,101962213.0,5.447731,0.0,43983246.0,9143558.0,0.183563,0.0,,:total: 1500232,:total: 155625,12361039500.0,7401520000.0,40116739500.0,8350.34,5000.0,27100.34,,1100116.0,134517.0,74.32,86.47,,290318453850.0,289320370740.0,1456902720.0,774346980.0,5359940880.0,418341240.0,1407915180.0,748305690.0,5209429680.0,393702840.0,,522.660556,520.863706,,159372311790.0,79089421920.0,0.0,0.0,:IDLE: 204143017750,154635582150.0,83078246880.0,0.0,0.0,:IDLE: 214552601750,,:total: 190786608,170.559522,17.923968,12800.0,1.47
L1_64kB_L2_128kB_assoc_4_NN_256_sigmoid_stats,,0.564491,564490884000.0,1000000000000.0,,564490884.0,5.531698,0.180776,102046581.0,5.531698,0.0,44007419.0,9145009.0,0.180776,0.0,,:total: 1500450,:total: 155596,12696700750.0,7412120000.0,40492150750.0,8564.82,5000.0,27314.82,,1102140.0,134094.0,74.35,86.22,,294719119485.0,293748648510.0,1460651220.0,776354535.0,5368601700.0,418179420.0,1407608160.0,748146300.0,5215905660.0,393671520.0,,522.097217,520.37802,,160680859650.0,81454302240.0,0.0,0.0,:IDLE: 210274221500,156171426630.0,85251719520.0,0.0,0.0,:IDLE: 220185557750,,:total: 187756697,168.072043,17.633107,12800.0,1.45
L1_32kB_L2_64kB_assoc_8_NN_128_relu_stats,,0.280191,280190859000.0,1000000000000.0,,280190859.0,5.441273,0.183781,51493623.0,5.441273,0.0,22145982.0,4655186.0,0.183781,0.0,,:total: 756540,:total: 78869,4394868250.0,3741445000.0,18425287000.0,5873.22,5000.0,24623.22,,629706.0,69177.0,84.15,87.74,,145357872240.0,145328685510.0,464464140.0,246857160.0,2653202580.0,201591180.0,451262280.0,239844000.0,2689580880.0,209990160.0,,518.781636,518.677469,,76510761420.0,43163175360.0,0.0,0.0,:IDLE: 111526742250,76170351150.0,43449836640.0,0.0,0.0,:IDLE: 112283815750,,:total: 190820558,170.920979,18.009895,12800.0,1.48
L1_64kB_L2_128kB_assoc_4_NN_128_sigmoid_stats,,0.274445,274444886000.0,1000000000000.0,,274444886.0,5.323774,0.187837,51550818.0,5.323774,0.0,22163025.0,4657370.0,0.187837,0.0,,:total: 756648,:total: 78833,5010238500.0,3741840000.0,19042138500.0,6694.89,5000.0,25444.89,,626648.0,67744.0,83.74,86.02,,142054244250.0,142001029845.0,478458540.0,254295360.0,2648383080.0,201429360.0,469233660.0,249396015.0,2694964440.0,209666520.0,,517.605725,517.411827,,72330628230.0,44476833600.0,0.0,0.0,:IDLE: 114955984000,71735873130.0,44977680000.0,0.0,0.0,:IDLE: 116272953500,,:total: 194832503,174.517925,18.365276,12800.0,1.51
L1_32kB_L2_64kB_assoc_2_NN_128_tanh_activation_stats,,0.282155,282154598000.0,1000000000000.0,,282154598.0,5.477724,0.182558,51509456.0,5.477724,0.0,22151140.0,4656687.0,0.182558,0.0,,:total: 757017,:total: 78906,5077333000.0,3743170000.0,19114220500.0,6782.13,5000.0,25532.13,,628762.0,68662.0,83.99,87.09,,146264307030.0,146518134270.0,461986560.0,245536500.0,2626784580.0,201084840.0,466591860.0,247988070.0,2718462180.0,210475620.0,,518.383567,519.283171,,76689313350.0,43766891520.0,0.0,0.0,:IDLE: 113096314000,77612092620.0,42989814240.0,0.0,0.0,:IDLE: 111076901500,,:total: 189609074,169.809659,17.883643,12800.0,1.47
L1_32kB_L2_64kB_assoc_8_NN_64_sigmoid_stats,,0.14529,145289592000.0,1000000000000.0,,145289592.0,5.523927,0.181031,26301867.0,5.523927,0.0,11240248.0,2412994.0,0.181031,0.0,,:total: 384910,:total: 40473,2845385750.0,1908250000.0,10001323250.0,7455.48,5000.0,26205.48,,335940.0,35402.0,88.02,87.61,,75222130140.0,74984620845.0,187096560.0,99429000.0,1353608340.0,103329900.0,175008540.0,93004065.0,1371372660.0,107594640.0,,517.73929,516.104559,,39386335380.0,22623763200.0,0.0,0.0,:IDLE: 58454417750,37859841180.0,23909232000.0,0.0,0.0,:IDLE: 61811422750,,:total: 187381020,168.116654,17.799265,12800.0,1.45
L1_16kB_L2_32kB_assoc_4_NN_64_relu_stats,,0.142479,142478530000.0,1000000000000.0,,142478530.0,5.422921,0.184402,26273393.0,5.422921,0.0,11231585.0,2411975.0,0.184402,0.0,,:total: 385362,:total: 40525,2238994750.0,1912525000.0,9410963500.0,5853.5,5000.0,24603.5,,336595.0,35645.0,88.0,88.03,,73748361615.0,73433759955.0,189859740.0,100897665.0,1360969680.0,103460400.0,172552380.0,91698585.0,1370116020.0,107913060.0,,517.610349,515.402285,,38219993970.0,22526497440.0,0.0,0.0,:IDLE: 58214326000,36309263910.0,24135533280.0,0.0,0.0,:IDLE: 62415670500,,:total: 191304388,171.817606,18.18907,12800.0,1.48
L1_32kB_L2_64kB_assoc_4_NN_256_sigmoid_stats,,0.564189,564189287000.0,1000000000000.0,,564189287.0,5.528743,0.180873,102046581.0,5.528743,0.0,44007419.0,9145009.0,0.180873,0.0,,:total: 1500910,:total: 155656,12177065500.0,7444520000.0,40094015500.0,8178.54,5000.0,26928.54,,1112804.0,136791.0,74.74,87.92,,295710452400.0,294788465400.0,1439002740.0,764844300.0,5390778540.0,418278600.0,1380483300.0,733725300.0,5239996020.0,393833340.0,,524.133406,522.499225,,167913526380.0,75247822080.0,0.0,0.0,:IDLE: 194130597500,163751761440.0,78752466240.0,0.0,0.0,:IDLE: 203275017250,,:total: 187916053,168.896961,17.648205,12800.0,1.46
L1_16kB_L2_32kB_assoc_2_NN_64_tanh_activation_stats,,0.143424,143424146000.0,1000000000000.0,,143424146.0,5.457122,0.183247,26282011.0,5.457122,0.0,11234507.0,2412695.0,0.183247,0.0,,:total: 385691,:total: 40563,2368721750.0,1911055000.0,9535178000.0,6197.42,5000.0,24947.42,,336402.0,35517.0,88.01,87.71,,74218988145.0,73931126415.0,189795480.0,100867305.0,1360305660.0,103481280.0,172816560.0,91850385.0,1368680880.0,107897400.0,,517.479031,515.471965,,38430650580.0,22712219040.0,0.0,0.0,:IDLE: 58695851250,36691154790.0,24177057600.0,0.0,0.0,:IDLE: 62518459250,,:total: 190206857,170.553597,18.069593,12800.0,1.47
L1_64kB_L2_128kB_assoc_8_NN_256_relu_stats,,0.555263,555263382000.0,1000000000000.0,,555263382.0,5.447354,0.183575,101932684.0,5.447354,0.0,43973736.0,9140521.0,0.183575,0.0,,:total: 1499766,:total: 155590,10088698250.0,7414925000.0,37894667000.0,6802.97,5000.0,25552.97,,1102700.0,134764.0,74.36,86.63,,290158699545.0,289196326200.0,1456838460.0,774328005.0,5372621520.0,418268160.0,1406865600.0,747751620.0,5215891380.0,393744600.0,,522.56048,520.827297,,158863320600.0,79441500480.0,0.0,0.0,:IDLE: 205066393500,154401041400.0,83199209280.0,0.0,0.0,:IDLE: 214873600000,,:total: 190797354,170.929766,17.929711,12800.0,1.48
L1_32kB_L2_64kB_assoc_4_NN_128_sigmoid_stats,,0.274263,274262714000.0,1000000000000.0,,274262714.0,5.32024,0.187961,51550818.0,5.32024,0.0,22163025.0,4657370.0,0.187961,0.0,,:total: 757143,:total: 78873,4797555500.0,3741770000.0,18829193000.0,6410.81,5000.0,25160.81,,629914.0,68906.0,84.17,87.45,,142384084230.0,142359185460.0,463307460.0,246234780.0,2650075260.0,201497220.0,452968740.0,240739620.0,2693172300.0,209817900.0,,519.152174,519.06139,,75091940790.0,42081564000.0,0.0,0.0,:IDLE: 108726573750,74708884260.0,42404137920.0,0.0,0.0,:IDLE: 109577292000,,:total: 195086759,174.630577,18.387275,12800.0,1.51
L1_16kB_L2_32kB_assoc_2_NN_64_relu_stats,,0.142507,142506600000.0,1000000000000.0,,142506600.0,5.423989,0.184366,26273393.0,5.423989,0.0,11231585.0,2411975.0,0.184366,0.0,,:total: 385518,:total: 40526,2242789500.0,1910145000.0,9405833250.0,5870.73,5000.0,24620.73,,336235.0,35445.0,88.01,87.54,,73754185545.0,73447153695.0,190131060.0,101049465.0,1360655520.0,103476060.0,172845120.0,91857975.0,1367031540.0,107871300.0,,517.549261,515.394752,,38172252480.0,22577479680.0,0.0,0.0,:IDLE: 58347669500,36327189840.0,24131216640.0,0.0,0.0,:IDLE: 62405143750,,:total: 191337215,171.56999,18.183242,12800.0,1.48
L1_16kB_L2_32kB_assoc_8_NN_64_relu_stats,,0.142462,142462327000.0,1000000000000.0,,142462327.0,5.422304,0.184423,26273393.0,5.422304,0.0,11231585.0,2411975.0,0.184423,0.0,,:total: 385363,:total: 40526,2236825750.0,1910755000.0,9402157000.0,5853.25,5000.0,24603.25,,336351.0,35653.0,88.02,88.06,,73754054535.0,73409640645.0,190173900.0,101064645.0,1360969680.0,103465620.0,171367140.0,91068615.0,1367588460.0,107886960.0,,517.70918,515.291602,,38300158770.0,22452768480.0,0.0,0.0,:IDLE: 58023459000,36231367710.0,24194908320.0,0.0,0.0,:IDLE: 62570898250,,:total: 191327045,171.678117,18.189342,12800.0,1.48
L1_16kB_L2_32kB_assoc_4_NN_256_sigmoid_stats,,0.564813,564812999000.0,1000000000000.0,,564812999.0,5.534855,0.180673,102046581.0,5.534855,0.0,44007419.0,9145009.0,0.180673,0.0,,:total: 1501774,:total: 155714,12125064250.0,7500945000.0,40253608000.0,8082.36,5000.0,26832.36,,1121477.0,137509.0,74.76,88.35,,295567582020.0,294503781840.0,1449869820.0,770620290.0,5462971080.0,418487400.0,1383610620.0,735387510.0,5248378380.0,393969060.0,,523.301664,521.418208,,164616446310.0,78263816160.0,0.0,0.0,:IDLE: 202023405750,160036197630.0,82120867680.0,0.0,0.0,:IDLE: 212086675000,,:total: 187813015,169.989175,17.636195,12800.0,1.47
L1_32kB_L2_64kB_assoc_4_NN_128_tanh_activation_stats,,0.282115,282115363000.0,1000000000000.0,,282115363.0,5.476963,0.182583,51509456.0,5.476963,0.0,22151140.0,4656687.0,0.182583,0.0,,:total: 756868,:total: 78905,5056848000.0,3743075000.0,19093379250.0,6754.94,5000.0,25504.94,,629156.0,68842.0,84.04,87.32,,146306332860.0,146435429595.0,463036140.0,246098160.0,2640650460.0,201079620.0,461251140.0,245153205.0,2704460640.0,210439080.0,,518.604628,519.062231,,76972371360.0,43513460640.0,0.0,0.0,:IDLE: 112435557750,77343866010.0,43200623040.0,0.0,0.0,:IDLE: 111627714000,,:total: 189601415,169.828965,17.884315,12800.0,1.47
L1_32kB_L2_64kB_assoc_4_NN_128_relu_stats,,0.280209,280208810000.0,1000000000000.0,,280208810.0,5.441622,0.183769,51493623.0,5.441622,0.0,22145982.0,4655186.0,0.183769,0.0,,:total: 756593,:total: 78868,4401168000.0,3742790000.0,18436630500.0,5879.53,5000.0,24629.53,,629710.0,68936.0,84.12,87.45,,145386925095.0,145371739320.0,464856840.0,247058295.0,2649968160.0,201585960.0,454382460.0,241506210.0,2694735960.0,209922300.0,,518.852084,518.79789,,76660079760.0,43044326400.0,0.0,0.0,:IDLE: 111218580250,76329077910.0,43323064800.0,0.0,0.0,:IDLE: 111954009500,,:total: 190820210,170.971469,18.005544,12800.0,1.48
L1_16kB_L2_32kB_assoc_4_NN_128_sigmoid_stats,,0.27453,274529844000.0,1000000000000.0,,274529844.0,5.325422,0.187779,51550818.0,5.325422,0.0,22163025.0,4657370.0,0.187779,0.0,,:total: 757894,:total: 78954,4855884500.0,3769325000.0,18990853250.0,6441.32,5000.0,25191.32,,633691.0,69569.0,84.06,88.2,,142335255405.0,142330499775.0,464535540.0,246898905.0,2660392560.0,201726900.0,459951660.0,244462515.0,2722203540.0,210000600.0,,518.469152,518.451829,,73918004700.0,43172719680.0,0.0,0.0,:IDLE: 111583465500,73488477780.0,43534426560.0,0.0,0.0,:IDLE: 112538869750,,:total: 195090891,175.74541,18.3878,12800.0,1.52
L1_16kB_L2_32kB_assoc_2_NN_128_tanh_activation_stats,,0.282468,282468477000.0,1000000000000.0,,282468477.0,5.483818,0.182355,51509456.0,5.483818,0.0,22151140.0,4656687.0,0.182355,0.0,,:total: 757804,:total: 78986,5109730000.0,3763295000.0,19222086250.0,6788.9,5000.0,25538.9,,631629.0,69340.0,83.92,87.87,,146241002100.0,146411910165.0,462479220.0,245794560.0,2653595280.0,201298860.0,470047620.0,249821055.0,2720389980.0,210642660.0,,517.725035,518.330087,,75446742420.0,44933796480.0,0.0,0.0,:IDLE: 116151726000,75973515330.0,44490198240.0,0.0,0.0,:IDLE: 115004921250,,:total: 189594820,170.532926,17.88031,12800.0,1.47
L1_64kB_L2_128kB_assoc_4_NN_256_tanh_activation_stats,,0.555467,555466904000.0,1000000000000.0,,555466904.0,5.447772,0.183561,101962213.0,5.447772,0.0,43983246.0,9143558.0,0.183561,0.0,,:total: 1500026,:total: 155623,12344575000.0,7410805000.0,40135093750.0,8328.77,5000.0,27078.77,,1102290.0,134527.0,74.37,86.48,,290287230660.0,289328802645.0,1452461640.0,772001670.0,5368544580.0,418309920.0,1410014340.0,749425215.0,5214084960.0,393728940.0,,522.600408,520.874962,,159149183010.0,79278926880.0,0.0,0.0,:IDLE: 204641737750,154624879830.0,83088866400.0,0.0,0.0,:IDLE: 214584288250,,:total: 190761205,170.772198,17.923718,12800.0,1.47
L1_16kB_L2_32kB_assoc_2_NN_128_sigmoid_stats,,0.274757,274757370000.0,1000000000000.0,,274757370.0,5.329835,0.187623,51550818.0,5.329835,0.0,22163025.0,4657370.0,0.187623,0.0,,:total: 758590,:total: 78959,4903861500.0,3768805000.0,19036880250.0,6505.86,5000.0,25255.86,,633145.0,69306.0,84.0,87.85,,142507661265.0,142454529150.0,466656120.0,248022225.0,2661620640.0,201758220.0,462964740.0,246067800.0,2720232900.0,210042360.0,,518.667293,518.473914,,74315157900.0,42925644480.0,0.0,0.0,:IDLE: 110938679250,73590734070.0,43535685600.0,0.0,0.0,:IDLE: 112541491750,,:total: 195092623,175.575651,18.375835,12800.0,1.52
L1_16kB_L2_32kB_assoc_8_NN_128_tanh_activation_stats,,0.282284,282283961000.0,1000000000000.0,,282283961.0,5.480236,0.182474,51509456.0,5.480236,0.0,22151140.0,4656687.0,0.182474,0.0,,:total: 757589,:total: 78982,5057936250.0,3764515000.0,19174867500.0,6717.91,5000.0,25467.91,,632512.0,69685.0,84.01,88.3,,146173139340.0,146301950670.0,462086520.0,245597220.0,2656001460.0,201335400.0,463443120.0,246318270.0,2719725960.0,210627000.0,,517.823042,518.27936,,75543487380.0,44781472800.0,0.0,0.0,:IDLE: 115754935250,75883698720.0,44494979040.0,0.0,0.0,:IDLE: 115016974250,,:total: 189669097,170.699716,17.892905,12800.0,1.47
L1_16kB_L2_32kB_assoc_2_NN_256_sigmoid_stats,,0.56525,565249564000.0,1000000000000.0,,565249564.0,5.539133,0.180534,102046581.0,5.539133,0.0,44007419.0,9145009.0,0.180534,0.0,,:total: 1503364,:total: 155720,12216300000.0,7502705000.0,40351443750.0,8141.26,5000.0,26891.26,,1121298.0,137163.0,74.73,88.12,,295857242160.0,294681225345.0,1454053860.0,772836570.0,5464434780.0,418487400.0,1385759760.0,736529805.0,5249427960.0,394021260.0,,523.409943,521.329416,,165121436670.0,78006202080.0,0.0,0.0,:IDLE: 201351109750,159852464400.0,82443231360.0,0.0,0.0,:IDLE: 212925792750,,:total: 187848665,169.897741,17.623706,12800.0,1.47
L1_16kB_L2_32kB_assoc_8_NN_128_relu_stats,,0.280402,280401596000.0,1000000000000.0,,280401596.0,5.445365,0.183642,51493623.0,5.445365,0.0,22145982.0,4655186.0,0.183642,0.0,,:total: 757356,:total: 78947,4416421500.0,3765320000.0,18536371500.0,5864.6,5000.0,24614.6,,633088.0,69752.0,84.07,88.39,,145278478335.0,145264688565.0,465842160.0,247589595.0,2660499660.0,201857400.0,456210300.0,242473935.0,2716377300.0,210078900.0,,518.1086,518.059421,,75329052240.0,44239221600.0,0.0,0.0,:IDLE: 114345379500,74929156770.0,44575975680.0,0.0,0.0,:IDLE: 115234706000,,:total: 190881196,171.882388,18.01188,12800.0,1.48
L1_32kB_L2_64kB_assoc_2_NN_128_sigmoid_stats,,0.274378,274378450000.0,1000000000000.0,,274378450.0,5.322485,0.187882,51550818.0,5.322485,0.0,22163025.0,4657370.0,0.187882,0.0,,:total: 757729,:total: 78871,4833701000.0,3747345000.0,18886244750.0,6449.5,5000.0,25199.5,,629946.0,68749.0,84.05,87.25,,142493414745.0,142503230265.0,465777900.0,247551645.0,2645377140.0,201512880.0,459366180.0,244143735.0,2705831520.0,209812680.0,,519.331656,519.367429,,75450178380.0,41824332480.0,0.0,0.0,:IDLE: 108053912500,75139091190.0,42086300640.0,0.0,0.0,:IDLE: 108746112000,,:total: 195140690,174.816995,18.379986,12800.0,1.51
L1_16kB_L2_32kB_assoc_4_NN_64_tanh_activation_stats,,0.14339,143389924000.0,1000000000000.0,,143389924.0,5.45582,0.183291,26282011.0,5.45582,0.0,11234507.0,2412695.0,0.183291,0.0,,:total: 385556,:total: 40558,2362725500.0,1913190000.0,9537188000.0,6174.83,5000.0,24924.83,,336786.0,35585.0,88.02,87.89,,74214361440.0,73918411290.0,190730820.0,101356860.0,1361426640.0,103413420.0,171667020.0,91231800.0,1370608680.0,107939160.0,,517.570268,515.506315,,38488343700.0,22650494400.0,0.0,0.0,:IDLE: 58535030000,36712039590.0,24146329440.0,0.0,0.0,:IDLE: 62439443250,,:total: 190189765,170.784887,18.071674,12800.0,1.48
L1_32kB_L2_64kB_assoc_2_NN_256_sigmoid_stats,,0.564301,564301455000.0,1000000000000.0,,564301455.0,5.529842,0.180837,102046581.0,5.529842,0.0,44007419.0,9145009.0,0.180837,0.0,,:total: 1501290,:total: 155658,12215110500.0,7439270000.0,40112373000.0,8209.89,5000.0,26959.89,,1110849.0,136473.0,74.66,87.72,,295775295570.0,294838644285.0,1445478720.0,768290160.0,5380404120.0,418336020.0,1382768100.0,734951085.0,5242873440.0,393796800.0,,524.144131,522.484289,,167995520310.0,75221846880.0,0.0,0.0,:IDLE: 194062013750,163698152940.0,78840682560.0,0.0,0.0,:IDLE: 203503780750,,:total: 187922025,168.744304,17.64515,12800.0,1.46
L1_32kB_L2_64kB_assoc_2_NN_256_relu_stats,,0.555194,555193717000.0,1000000000000.0,,555193717.0,5.44667,0.183598,101932684.0,5.44667,0.0,43973736.0,9140521.0,0.183598,0.0,,:total: 1500831,:total: 155648,9748156000.0,7435945000.0,37632949750.0,6554.75,5000.0,25304.75,,1109974.0,136514.0,74.64,87.73,,291200069790.0,290254293000.0,1443351000.0,767159250.0,5374299420.0,418419540.0,1386302400.0,736822020.0,5244230040.0,393859440.0,,524.501739,522.798231,,165782362500.0,73588187520.0,0.0,0.0,:IDLE: 189838676500,161325206460.0,77341582080.0,0.0,0.0,:IDLE: 199624802750,,:total: 190950749,171.435831,17.93784,12800.0,1.48
L1_64kB_L2_128kB_assoc_8_NN_64_tanh_activation_stats,,0.143249,143249238000.0,1000000000000.0,,143249238.0,5.450467,0.183471,26282011.0,5.450467,0.0,11234507.0,2412695.0,0.183471,0.0,,:total: 384134,:total: 40436,2369412500.0,1903005000.0,9505681250.0,6225.45,5000.0,24975.45,,334291.0,34837.0,87.83,86.29,,73950655725.0,73726885200.0,192365880.0,102225915.0,1351901880.0,103288140.0,177821700.0,94503090.0,1365589260.0,107464140.0,,516.23769,514.675584,,37275682950.0,23617658880.0,0.0,0.0,:IDLE: 61051979000,35886359250.0,24787615680.0,0.0,0.0,:IDLE: 64105107500,,:total: 189686733,170.042538,18.038044,12800.0,1.47
L1_32kB_L2_64kB_assoc_4_NN_256_relu_stats,,0.555009,555009190000.0,1000000000000.0,,555009190.0,5.44486,0.183659,101932684.0,5.44486,0.0,43973736.0,9140521.0,0.183659,0.0,,:total: 1500283,:total: 155649,9662928250.0,7438235000.0,37556309500.0,6495.44,5000.0,25245.44,,1111868.0,136840.0,74.74,87.94,,291116964630.0,290131338825.0,1434761580.0,762590070.0,5381460840.0,418440420.0,1382339700.0,734715795.0,5240338740.0,393859440.0,,524.526386,522.750513,,165836075880.0,73472096640.0,0.0,0.0,:IDLE: 189537682250,161151774270.0,77416771680.0,0.0,0.0,:IDLE: 199824377500,,:total: 190951159,171.545642,17.944265,12800.0,1.48
L1_32kB_L2_64kB_assoc_8_NN_64_tanh_activation_stats,,0.143287,143286525000.0,1000000000000.0,,143286525.0,5.451886,0.183423,26282011.0,5.451886,0.0,11234507.0,2412695.0,0.183423,0.0,,:total: 384659,:total: 40482,2363264500.0,1904720000.0,9505964500.0,6203.71,5000.0,24953.71,,336009.0,35460.0,88.2,87.75,,74192182605.0,73946571120.0,186411120.0,99068475.0,1353829680.0,103366440.0,169774920.0,90229920.0,1366110480.0,107578980.0,,517.788973,516.074845,,38740214730.0,22398686880.0,0.0,0.0,:IDLE: 57876572000,37241557620.0,23660713920.0,0.0,0.0,:IDLE: 61169496750,,:total: 189892413,170.151492,18.049876,12800.0,1.47
L1_64kB_L2_128kB_assoc_8_NN_128_relu_stats,,0.280335,280335213000.0,1000000000000.0,,280335213.0,5.444076,0.183686,51493623.0,5.444076,0.0,22145982.0,4655186.0,0.183686,0.0,,:total: 756077,:total: 78829,4569328750.0,3741255000.0,18599035000.0,6106.68,5000.0,24856.68,,626444.0,68237.0,83.72,86.59,,144998707455.0,144942145110.0,478708440.0,254420595.0,2648675820.0,201544200.0,466427640.0,247896990.0,2693836320.0,209802240.0,,517.2333,517.031534,,73705765200.0,45580709280.0,0.0,0.0,:IDLE: 117819089250,73128314160.0,46066983840.0,0.0,0.0,:IDLE: 119098112250,,:total: 190607464,170.824291,17.990348,12800.0,1.48
L1_64kB_L2_128kB_assoc_8_NN_128_tanh_activation_stats,,0.282223,282222838000.0,1000000000000.0,,282222838.0,5.479049,0.182513,51509456.0,5.479049,0.0,22151140.0,4656687.0,0.182513,0.0,,:total: 756307,:total: 78861,5211762000.0,3741055000.0,19240718250.0,6965.63,5000.0,25715.63,,625981.0,67718.0,83.66,85.95,,145853612130.0,145994572695.0,475602540.0,252777360.0,2637416040.0,201006540.0,476145180.0,253069575.0,2704810500.0,210256380.0,,516.80301,517.302475,,73688321490.0,46320246720.0,0.0,0.0,:IDLE: 119741565250,74090370420.0,45981679200.0,0.0,0.0,:IDLE: 118869428750,,:total: 189392015,169.672675,17.866393,12800.0,1.47
L1_32kB_L2_64kB_assoc_4_NN_64_sigmoid_stats,,0.145301,145300979000.0,1000000000000.0,,145300979.0,5.52436,0.181016,26301867.0,5.52436,0.0,11240248.0,2412994.0,0.181016,0.0,,:total: 384987,:total: 40478,2859499750.0,1906990000.0,10010712250.0,7497.42,5000.0,26247.42,,335495.0,35224.0,87.96,87.19,,75252653445.0,74989420455.0,188517420.0,100191795.0,1355229120.0,103324680.0,176179500.0,93634035.0,1367952600.0,107558100.0,,517.908785,516.097145,,39520108110.0,22515485280.0,0.0,0.0,:IDLE: 58172235000,37865244780.0,23909054400.0,0.0,0.0,:IDLE: 61811721750,,:total: 187402454,167.992481,17.794347,12800.0,1.45
L1_64kB_L2_128kB_assoc_2_NN_64_sigmoid_stats,,0.145264,145263598000.0,1000000000000.0,,145263598.0,5.522939,0.181063,26301867.0,5.522939,0.0,11240248.0,2412994.0,0.181063,0.0,,:total: 384555,:total: 40410,2889897250.0,1899385000.0,10012591000.0,7607.46,5000.0,26357.46,,332539.0,34327.0,87.54,85.1,,75044500920.0,74776757625.0,197035440.0,104719230.0,1350552420.0,103199400.0,183869280.0,97717455.0,1361769360.0,107359740.0,,516.60913,514.765975,,38259974910.0,23562295680.0,0.0,0.0,:IDLE: 60897837750,36594608190.0,24964709760.0,0.0,0.0,:IDLE: 64559597750,,:total: 187230389,167.365591,17.77161,12800.0,1.45
L1_32kB_L2_64kB_assoc_8_NN_256_tanh_activation_stats,,0.555687,555687271000.0,1000000000000.0,,555687271.0,5.449933,0.183488,101962213.0,5.449933,0.0,43983246.0,9143558.0,0.183488,0.0,,:total: 1500436,:total: 155665,12364306500.0,7441130000.0,40268544000.0,8308.08,5000.0,27058.08,,1113155.0,136907.0,74.8,87.99,,291453583785.0,290494076190.0,1427664420.0,758814045.0,5385709140.0,418445640.0,1383796260.0,735486180.0,5240224500.0,393775920.0,,524.4921,522.765396,,166022161500.0,73575776160.0,0.0,0.0,:IDLE: 189811632500,161448499170.0,77427281280.0,0.0,0.0,:IDLE: 199858593250,,:total: 190737614,171.402998,17.920641,12800.0,1.48
L1_32kB_L2_64kB_assoc_2_NN_256_tanh_activation_stats,,0.555741,555740942000.0,1000000000000.0,,555740942.0,5.45046,0.183471,101962213.0,5.45046,0.0,43983246.0,9143558.0,0.183471,0.0,,:total: 1500858,:total: 155661,12357358500.0,7436955000.0,40245939750.0,8308.08,5000.0,27058.08,,1111498.0,136629.0,74.73,87.82,,291479792205.0,290540199195.0,1432805220.0,761546445.0,5378383500.0,418403880.0,1386430920.0,736886535.0,5241588240.0,393760260.0,,524.488606,522.797903,,166027167240.0,73592170560.0,0.0,0.0,:IDLE: 189850138500,161548741080.0,77363476800.0,0.0,0.0,:IDLE: 199687829750,,:total: 190767331,171.290284,17.917643,12800.0,1.48
L1_16kB_L2_32kB_assoc_8_NN_128_sigmoid_stats,,0.274533,274533334000.0,1000000000000.0,,274533334.0,5.325489,0.187776,51550818.0,5.325489,0.0,22163025.0,4657370.0,0.187776,0.0,,:total: 757890,:total: 78954,4858032000.0,3770035000.0,18995663250.0,6442.95,5000.0,25192.95,,634015.0,69571.0,84.09,88.2,,142342803480.0,142338224115.0,464871120.0,247069680.0,2660535360.0,201737340.0,458302320.0,243589665.0,2723074620.0,209990160.0,,518.490055,518.473375,,73953144060.0,43144468800.0,0.0,0.0,:IDLE: 111509475000,73539434070.0,43492856160.0,0.0,0.0,:IDLE: 112429767750,,:total: 195087479,175.776279,18.387567,12800.0,1.52
L1_64kB_L2_128kB_assoc_2_NN_128_tanh_activation_stats,,0.282216,282215949000.0,1000000000000.0,,282215949.0,5.478915,0.182518,51509456.0,5.478915,0.0,22151140.0,4656687.0,0.182518,0.0,,:total: 756458,:total: 78860,5227866500.0,3734475000.0,19232147750.0,6999.47,5000.0,25749.47,,623927.0,67503.0,83.54,85.67,,145831310640.0,146046643860.0,474817140.0,252359910.0,2606314200.0,200990880.0,483820680.0,257149200.0,2726516100.0,210334680.0,,516.736602,517.499611,,73772420430.0,46246781280.0,0.0,0.0,:IDLE: 119546169500,74228386800.0,45862809600.0,0.0,0.0,:IDLE: 118556065500,,:total: 189430655,169.378379,17.86955,12800.0,1.46
L1_16kB_L2_32kB_assoc_8_NN_256_sigmoid_stats,,0.564907,564906990000.0,1000000000000.0,,564906990.0,5.535776,0.180643,102046581.0,5.535776,0.0,44007419.0,9145009.0,0.180643,0.0,,:total: 1501672,:total: 155715,12129107000.0,7500630000.0,40256469500.0,8085.39,5000.0,26835.39,,1121455.0,137253.0,74.76,88.18,,295606761060.0,294502683075.0,1450398180.0,770893530.0,5462499840.0,418497840.0,1384617360.0,735922605.0,5248399800.0,393958620.0,,523.28395,521.329508,,164587125510.0,78324599520.0,0.0,0.0,:IDLE: 202183096250,159744107970.0,82402930080.0,0.0,0.0,:IDLE: 212822632250,,:total: 187770323,169.953755,17.63326,12800.0,1.47
L1_64kB_L2_128kB_assoc_8_NN_64_relu_stats,,0.142355,142354854000.0,1000000000000.0,,142354854.0,5.418214,0.184563,26273393.0,5.418214,0.0,11231585.0,2411975.0,0.184563,0.0,,:total: 383949,:total: 40405,2265411500.0,1901775000.0,9397067750.0,5956.05,5000.0,24706.05,,334047.0,34860.0,87.83,86.34,,73503335760.0,73253349780.0,191723280.0,101888160.0,1352066100.0,103282920.0,178278660.0,94738380.0,1363668600.0,107464140.0,,516.338809,514.582733,,37070662500.0,23446864320.0,0.0,0.0,:IDLE: 60609505250,35517885600.0,24754465920.0,0.0,0.0,:IDLE: 64024091250,,:total: 190781384,171.000281,18.150923,12800.0,1.48
L1_16kB_L2_32kB_assoc_4_NN_256_tanh_activation_stats,,0.556436,556436108000.0,1000000000000.0,,556436108.0,5.457278,0.183242,101962213.0,5.457278,0.0,43983246.0,9143558.0,0.183242,0.0,,:total: 1501355,:total: 155743,12431583500.0,7497870000.0,40548596000.0,8290.08,5000.0,27040.08,,1120798.0,137243.0,74.74,88.16,,291441938730.0,290347508190.0,1445450160.0,768259800.0,5457880260.0,418670100.0,1390657800.0,739129380.0,5249078100.0,393984720.0,,523.765325,521.798467,,163122564090.0,76305096000.0,0.0,0.0,:IDLE: 196956359500,158201436030.0,80449203840.0,0.0,0.0,:IDLE: 207766475000,,:total: 190595597,172.477549,17.90607,12800.0,1.49
L1_32kB_L2_64kB_assoc_2_NN_128_relu_stats,,0.280239,280238890000.0,1000000000000.0,,280238890.0,5.442206,0.183749,51493623.0,5.442206,0.0,22145982.0,4655186.0,0.183749,0.0,,:total: 756862,:total: 78864,4409819000.0,3741775000.0,18441475250.0,5892.68,5000.0,24642.68,,629120.0,68754.0,84.07,87.22,,145393929585.0,145389716760.0,466384800.0,247878015.0,2647304940.0,201570300.0,456881460.0,242834460.0,2695949760.0,209911860.0,,518.821387,518.806354,,76617813690.0,43091469600.0,0.0,0.0,:IDLE: 111340209250,76322349060.0,43340281920.0,0.0,0.0,:IDLE: 111997139500,,:total: 190860248,170.906757,18.002469,12800.0,1.48
L1_32kB_L2_64kB_assoc_8_NN_64_relu_stats,,0.142383,142383320000.0,1000000000000.0,,142383320.0,5.419297,0.184526,26273393.0,5.419297,0.0,11231585.0,2411975.0,0.184526,0.0,,:total: 384509,:total: 40468,2235853250.0,1905840000.0,9382753250.0,5865.79,5000.0,24615.79,,336226.0,35456.0,88.21,87.68,,73726161435.0,73498759290.0,185033100.0,98339835.0,1353179940.0,103429080.0,171438540.0,91110360.0,1368359580.0,107667720.0,,517.80055,516.203438,,38453957880.0,22292914560.0,0.0,0.0,:IDLE: 57601326250,37022647410.0,23498228640.0,0.0,0.0,:IDLE: 60748444500,,:total: 191023274,171.33153,18.17741,12800.0,1.48
L1_32kB_L2_64kB_assoc_8_NN_128_sigmoid_stats,,0.274288,274288470000.0,1000000000000.0,,274288470.0,5.320739,0.187944,51550818.0,5.320739,0.0,22163025.0,4657370.0,0.187944,0.0,,:total: 757074,:total: 78874,4788347000.0,3748665000.0,18845840750.0,6386.74,5000.0,25136.74,,631385.0,69099.0,84.21,87.69,,142402127235.0,142399054425.0,462236460.0,245676915.0,2652902700.0,201512880.0,452026260.0,240250065.0,2700190920.0,209817900.0,,519.169206,519.158003,,75120315960.0,42067559040.0,0.0,0.0,:IDLE: 108689538000,74847798960.0,42297047040.0,0.0,0.0,:IDLE: 109297270500,,:total: 195052574,174.935942,18.386249,12800.0,1.51
L1_16kB_L2_32kB_assoc_2_NN_64_sigmoid_stats,,0.145458,145457708000.0,1000000000000.0,,145457708.0,5.530319,0.180821,26301867.0,5.530319,0.0,11240248.0,2412994.0,0.180821,0.0,,:total: 385943,:total: 40534,2892801750.0,1912570000.0,10064939250.0,7562.6,5000.0,26312.6,,336003.0,35448.0,87.84,87.62,,75256019445.0,74971585275.0,191073540.0,101550405.0,1360327080.0,103455180.0,176772120.0,93945225.0,1370822880.0,107725140.0,,517.373885,515.418442,,39024500520.0,22993022880.0,0.0,0.0,:IDLE: 59421689000,37268309430.0,24471920640.0,0.0,0.0,:IDLE: 63284125500,,:total: 187645800,168.302501,17.800253,12800.0,1.45
L1_32kB_L2_64kB_assoc_2_NN_64_relu_stats,,0.142403,142402515000.0,1000000000000.0,,142402515.0,5.420028,0.184501,26273393.0,5.420028,0.0,11231585.0,2411975.0,0.184501,0.0,,:total: 384683,:total: 40451,2250765250.0,1903925000.0,9390484000.0,5910.86,5000.0,24660.86,,335530.0,34953.0,88.12,86.46,,73761306975.0,73507505340.0,187632060.0,99706035.0,1354600800.0,103376880.0,174558720.0,92757390.0,1364204100.0,107641620.0,,517.977558,516.195275,,38588297760.0,22187157120.0,0.0,0.0,:IDLE: 57325922750,37019862390.0,23507944800.0,0.0,0.0,:IDLE: 60773857750,,:total: 191068086,171.136303,18.168218,12800.0,1.48
L1_64kB_L2_128kB_assoc_2_NN_64_relu_stats,,0.142327,142326631000.0,1000000000000.0,,142326631.0,5.417139,0.184599,26273393.0,5.417139,0.0,11231585.0,2411975.0,0.184599,0.0,,:total: 384153,:total: 40405,2254006250.0,1896335000.0,9365262500.0,5943.06,5000.0,24693.06,,332655.0,34411.0,87.71,85.22,,73518585780.0,73262919690.0,195264720.0,103778070.0,1352058960.0,103262040.0,180142200.0,95740260.0,1355907420.0,107505900.0,,516.548346,514.752012,,37213343190.0,23315874240.0,0.0,0.0,:IDLE: 60265007000,35689555350.0,24599064000.0,0.0,0.0,:IDLE: 63616054500,,:total: 190910948,170.544949,18.156321,12800.0,1.47
L1_16kB_L2_32kB_assoc_8_NN_256_relu_stats,,0.555862,555861798000.0,1000000000000.0,,555861798.0,5.453224,0.183378,101932684.0,5.453224,0.0,43973736.0,9140521.0,0.183378,0.0,,:total: 1501054,:total: 155707,9739934000.0,7496110000.0,37850346500.0,6496.66,5000.0,25246.66,,1119687.0,137126.0,74.68,88.09,,291126103110.0,290036993175.0,1452747240.0,772153470.0,5455766820.0,418612680.0,1389529680.0,738541155.0,5248678260.0,393979500.0,,523.738282,521.778964,,162746036340.0,76401636960.0,0.0,0.0,:IDLE: 197206955000,157929166980.0,80457948000.0,0.0,0.0,:IDLE: 207785502500,,:total: 190753717,172.615223,17.923189,12800.0,1.49
L1_64kB_L2_128kB_assoc_4_NN_64_relu_stats,,0.142339,142339181000.0,1000000000000.0,,142339181.0,5.417617,0.184583,26273393.0,5.417617,0.0,11231585.0,2411975.0,0.184583,0.0,,:total: 384014,:total: 40403,2261160750.0,1899090000.0,9382748250.0,5953.27,5000.0,24703.27,,333540.0,34418.0,87.82,85.25,,73510150485.0,73246546155.0,194329380.0,103273335.0,1351530600.0,103324680.0,178599960.0,94909155.0,1360369920.0,107411940.0,,516.44354,514.591595,,37137575370.0,23384497920.0,0.0,0.0,:IDLE: 60445271000,35538805740.0,24730830240.0,0.0,0.0,:IDLE: 63960286750,,:total: 190830717,170.777658,18.152022,12800.0,1.48
L1_32kB_L2_64kB_assoc_4_NN_64_relu_stats,,0.142394,142394474000.0,1000000000000.0,,142394474.0,5.419722,0.184511,26273393.0,5.419722,0.0,11231585.0,2411975.0,0.184511,0.0,,:total: 384573,:total: 40473,2242162000.0,1905975000.0,9389568250.0,5881.93,5000.0,24631.93,,336063.0,35277.0,88.16,87.22,,73732875420.0,73506467850.0,186482520.0,99095040.0,1354315200.0,103423860.0,172680900.0,91763100.0,1367417100.0,107714700.0,,517.807141,516.217138,,38444338560.0,22305298560.0,0.0,0.0,:IDLE: 57634026750,37034115810.0,23492854560.0,0.0,0.0,:IDLE: 60735442250,,:total: 191039324,171.330244,18.179582,12800.0,1.48
L1_32kB_L2_64kB_assoc_8_NN_256_sigmoid_stats,,0.564197,564196707000.0,1000000000000.0,,564196707.0,5.528815,0.180871,102046581.0,5.528815,0.0,44007419.0,9145009.0,0.180871,0.0,,:total: 1500849,:total: 155653,12171686500.0,7447730000.0,40100674000.0,8171.41,5000.0,26921.41,,1113935.0,137235.0,74.78,88.21,,295794907395.0,294624670545.0,1437510480.0,764051145.0,5395433820.0,418309920.0,1375335360.0,730989105.0,5239924620.0,393817680.0,,524.276203,522.202039,,168411262350.0,74831525280.0,0.0,0.0,:IDLE: 193046925000,162742940100.0,79604849280.0,0.0,0.0,:IDLE: 205497417250,,:total: 187906322,168.967565,17.648313,12800.0,1.46
